,x,y,z,layer,region,type
0,3340.6433701921464,-1121.440833014761,-3239.3602640928675,L6,S1FL,ObjectiveCSD_Disk
